{
  "nTerms": 209870,
  "minN": 2,
  "maxN": 4,
  "threshold": 0.475,
  "intercept": -0.8431525867870654,
  "coefScale": 0.05176796764135361,
  "bytes": 3231173,
  "mb": 3.08,
  "val_f1": 0.8285,
  "test_f1": 0.8034
}